dataset,canonical_metric,raw_mean,raw_sd,n,rmse_vs_published,source
analobench,accuracy,0.7768524096385541,0.1735438504900226,83,0.08219291606739922,agc_long_metric_z
arastories,fluency,1.9886746987951807,11.393212439236423,83,1.6344645791122592,agc_long_metric_z
arena_hard_creative,arena_hard_instance_score,39.55784361937546,31.6469730095084,83,0.4252941713872037,agc_long_metric_z
arn,arn_accuracy,0.7588234151989806,0.08168963443053949,82,0.40078893287488143,agc_long_metric_z
brainteaser,brainteaser_all_overall_accuracy,0.24501901979751498,0.0798724469869546,83,0.19778412182392188,agc_long_metric_z
c3_crosstalk,bleu_2,0.10973620093814553,0.03270559754668349,83,0.3198266761689499,agc_long_metric_z
chinese_homophonic_puns,exact_match_accuracy,0.42530120481927713,0.22410982362964635,83,0.22376357783451528,agc_long_metric_z
conceptual_design,conceptual_design_novelty,0.8229280759401242,0.43782966776335486,83,0.28483527786355245,agc_long_metric_z
cpers,cpers_elaboration,3.7774226619036,0.8914460821947262,83,0.45183846985433224,agc_long_metric_z
creatset,creatset_pairwise_loss_rate,0.46626506024096387,0.24823135767879387,83,0.17914918073195463,agc_long_metric_z
crowd_vote,marketing_creativity_judge_originality,3.0503027654287322,0.6261521502883126,83,0.263615062522912,agc_long_metric_z
cue_word_story,llm_judge_effectiveness,4.355421686746988,0.8634874004543794,83,0.49949915529889066,agc_long_metric_z
data_narrative,bert_score,0.5861839987176011,0.07395357248593942,83,1.0473728085521892,agc_long_metric_z
eqbench_creative_writing_v3,creative_score_0_20,11.641281253075542,3.8092834234461166,83,0.16851365740272806,agc_long_metric_z
fann_or_flop,overall_score,1.914939759036144,0.6195580121934603,83,0.4233440448233698,agc_long_metric_z
fig_qa,exact_match,0.18554216867469883,0.32555113873526054,83,0.13849097774050853,agc_long_metric_z
future_ideas,llm_judge_novelty,1.900722891566265,11.34048239425773,83,1.6077200843203214,agc_long_metric_z
futuregen,rouge_l,0.10495514864253765,0.05072715438492356,83,0.24690857470318917,agc_long_metric_z
grapheval_ai_researcher,f1_macro,0.3140583646607743,0.13495254282325486,83,0.5606296844466715,agc_long_metric_z
grapheval_iclr,recall_macro,0.2581576305220884,0.08431088212898286,83,0.5068421995970477,agc_long_metric_z
grapheval_review_advisor,recall_macro,0.3149689400878367,0.09955506290648583,83,0.4905070748215842,agc_long_metric_z
historical_analogy,historical_analogy_pass_at_1,0.1674698795180723,0.1897420802260845,83,0.6029681332105284,agc_long_metric_z
humor_transfer,accuracy,0.24957831325301208,0.15268971569836334,83,0.11352059998127957,agc_long_metric_z
hypobench,hypobench_ind_parsed_label_rate,0.9160516351118759,0.1362466696129952,83,0.21152356684776702,agc_long_metric_z
hypogen,hypogen_proxy_novelty,2.494457831325301,0.8171235286081264,83,0.30171756534626953,agc_long_metric_z
irfl,exact_match,0.48484848484848486,0.21212277123344767,33,0.38845768829825167,agc_long_metric_z
lcc_metaphor,quasi_exact_match,0.5240963855421686,0.2750921625812077,83,0.3132537582110431,agc_long_metric_z
liveideabench,liveideabench_originality,4.736210218277661,1.4400652859957774,83,0.25651712893359074,agc_long_metric_z
meta4xnli,classification_micro_f1,0.754277108433735,0.20167005855695622,83,0.211522567550705,agc_long_metric_z
metaphor_generation,f1_score,0.4321048012907473,0.13012699853730356,83,0.2472783123426629,agc_long_metric_z
metaphoric_analogies,f1_score,0.384990932720787,0.1763841075007526,83,0.5399319549978848,agc_long_metric_z
moh_x,exact_match,0.6625903614457832,0.3146003673320766,83,0.05610163885508058,agc_long_metric_z
mops,mops_quality_score,64.17052208835341,5.260037725964634,83,0.8495810442463376,agc_long_metric_z
munch,exact_match,0.4686746987951807,0.2558463767544574,83,0.08013631548327146,agc_long_metric_z
newyorker_humor,accuracy,0.5535976906421349,0.17948411493031155,83,0.37223585694235506,agc_long_metric_z
nyt_connections,full_wall,0.5373493975903615,0.21686842328454678,83,0.32817209603883823,agc_long_metric_z
ocw,empty_group_slots,2.8389221220546523,3.321201488053144,83,0.668707809425978,agc_long_metric_z
ocw_connections,rouge_1,0.5830734952863529,0.22108425857541233,83,0.11994213591671787,agc_long_metric_z
outline_to_story,rouge_2,0.08658827771722517,0.014325386272840905,83,0.45995500596779076,agc_long_metric_z
permpst,kendall_tau_correlation,0.22893241306587608,0.11157236563189246,83,0.3693822669979178,agc_long_metric_z
poetmt,llm_judge_beauty_of_form,3.751325301204819,0.7427844303442275,83,0.3743516656570454,agc_long_metric_z
pollux_creativity,pollux_score,1.2537349397590363,0.3971597664741344,83,0.6542962650944973,agc_long_metric_z
pron_vs_prompt,pron_vs_prompt_creativity,1.8396385542168674,0.44651344661459,83,0.2198959847097808,agc_long_metric_z
proparalogy,classification_macro_f1,0.6537790629973426,0.27072179046479605,83,0.1916217271571706,agc_long_metric_z
pun_eval,pun_detection_rate,0.7132530120481928,0.17755183670248717,83,0.34816277409047675,agc_long_metric_z
puntuguese,classification_macro_f1,0.34105750073999536,0.13688465442408898,83,0.20824131432925813,agc_long_metric_z
riddlesense,classification_macro_f1,0.6279511248969986,0.23953460383332317,83,0.20898387458888498,agc_long_metric_z
rpgbench,interestingness,3.322682926829268,1.1415811525481034,82,0.7649372665942044,agc_long_metric_z
scar,scar_f1,0.7779003474781426,0.1336723092969667,83,0.22810894397326578,agc_long_metric_z
schnovel,classification_micro_f1,0.3978313253012048,0.22434755372059947,83,0.3301225319333075,agc_long_metric_z
science_analogies,science_analogies_meteor,0.0699835219221204,0.03470442884189247,83,0.3896251604875725,agc_long_metric_z
scimon,bleu_4,0.0031413410868768674,0.0025544643112231356,83,0.5072622967898818,agc_long_metric_z
sdat,sdat_score,104.16945167085773,19.828243956608517,83,0.22338331773642392,agc_long_metric_z
showerthoughts,llm_judge_cleverness,3.3373493975903616,1.052007470456353,83,0.7026649891837212,agc_long_metric_z
simile_generation,simile_generation_bleu_1,11.068587980848422,3.9062356806609744,83,0.3618291737918951,agc_long_metric_z
slang_generation,slang_parse_rate,0.9301204819277109,0.1814406707835899,83,0.7395511009206108,agc_long_metric_z
speak_to_structure,validity,0.77710843373494,0.17318064810833864,83,0.4124680410918722,agc_long_metric_z
ss_gen,llm_judge_descriptiveness,3.7533982082174853,0.5639663762183632,83,0.28783918240547607,agc_long_metric_z
story_generation_rocstories,rouge_l,0.04614576714548372,0.013760732562950623,83,0.35853128413639906,agc_long_metric_z
story_quality,pearson_correlation_pred,1.2322891566265062,0.9109085859482047,83,0.576090586810366,agc_long_metric_z
thenextchapter,meteor,0.14355145830783325,0.024098867772535813,83,1.1398864014882641,agc_long_metric_z
tinyfabulist,creativity_score,5.822168674698795,1.2392248247690296,83,0.471992031998264,agc_long_metric_z
tinystories,tinystories_creativity_score,6.965224534501645,1.0824886204724733,83,0.7615711496708577,agc_long_metric_z
ttcw,majority_accuracy,0.4091566265060241,0.18218996263801615,83,0.10327215799270772,agc_long_metric_z
twistlist,bleu_1,0.1880301882643194,0.08678990011792564,83,0.40811307890793685,agc_long_metric_z
unfun_corpus,edit_distance,5.601075634914874,5.396835849894399,83,0.6877929047629378,agc_long_metric_z
writingbench,writingbench_score,6.221244979919677,2.041272055499854,83,0.1519421203102498,agc_long_metric_z
